Date,VIX,VIX_SMA20,VIX_Percentile,VIX_Change_5d,VIX_Spike,SPY_Close,SPY_SMA50,SPY_Return_1d,SPY_Return_5d,SPY_Above_50SMA,Market_Regime
2024-02-12,13.930000305175781,,,,0,488.8940124511719,,,,0,normal_bear
2024-02-13,15.850000381469727,,,,0,482.16046142578125,,-1.3773028210410154,,0,normal_bear
2024-02-14,14.380000114440918,,,,0,486.5421447753906,,0.9087604024295981,,0,normal_bear
2024-02-15,14.010000228881836,,,,0,489.899169921875,,0.6899762297126744,,0,normal_bear
2024-02-16,14.239999771118164,,,,0,487.45953369140625,,-0.49798741868817276,,0,normal_bear
2024-02-20,15.420000076293945,,,10.696336959623354,0,484.7758483886719,,-0.5505452488356322,-0.8423429122915049,0,normal_bear
2024-02-21,15.34000015258789,,,-3.2176669817502224,0,485.2149658203125,,0.09058154054089051,0.6335037065251736,0,normal_bear
2024-02-22,14.539999961853027,,,1.1126553973489273,0,495.2567138671875,,2.0695462329564096,1.7911231710091347,0,normal_bear
2024-02-23,13.75,,,-1.8558188767609063,0,495.5982360839844,,0.06895862433244915,1.1633141087008303,0,normal_bear
2024-02-26,13.739999771118164,,,-3.5112360114928465,0,493.7831115722656,,-0.3662491872572282,1.297251862728488,0,normal_bear
2024-02-27,13.430000305175781,,,-12.905316220961016,0,494.700439453125,,0.1857754668721734,2.04725361163125,0,normal_bear
2024-02-28,13.84000015258789,,,-9.778357138718452,0,494.046630859375,,-0.13216252536034645,1.8201551191092236,0,normal_bear
2024-02-29,13.399999618530273,,,-7.840442546861381,0,495.82269287109375,,0.3594927888951105,0.11427992555352873,0,normal_bear
2024-03-01,13.109999656677246,,,-4.654547951438214,0,500.4776306152344,,0.9388311206947497,0.9845463877767191,0,normal_bear
2024-03-04,13.489999771118164,,,-1.8195051249237038,0,499.9409484863281,,-0.10723398930867489,1.2470732128636808,0,normal_bear
2024-03-05,14.460000038146973,,,7.6693947100972215,0,494.94439697265625,,-0.9994283382467328,0.049314190988170026,0,normal_bear
2024-03-06,14.5,,,4.768784972077467,0,497.4524230957031,,0.5067288645729251,0.6893665544088101,0,normal_bear
2024-03-07,14.4399995803833,,,7.761193966116653,0,502.3903503417969,,0.9926431185849793,1.3245979994728874,0,normal_bear
2024-03-08,14.739999771118164,,,12.433258254211466,0,499.3749084472656,,-0.6002189119436174,-0.2203339571067664,0,normal_bear
2024-03-11,15.220000267028809,14.291499996185303,,12.824318200616602,0,498.9455261230469,,-0.08598396053856039,-0.1991079879123947,0,normal_bear
2024-03-12,13.84000015258789,14.286999988555909,,-4.28768937706403,0,504.3128967285156,,1.0757428064692265,1.8928388346574065,0,normal_bear
2024-03-13,13.75,14.181999969482423,,-5.1724137931034475,0,503.5223693847656,,-0.1567533467571769,1.2202063970838672,0,normal_bear
2024-03-14,14.399999618530273,14.18299994468689,,-0.27700805412326224,0,502.52703857421875,,-0.197673603213111,0.02720757521097461,0,normal_bear
2024-03-15,14.40999984741211,14.202999925613403,,-2.2388054873152874,0,499.0763244628906,,-0.686672327347515,-0.05979154725722635,0,normal_bear
2024-03-18,14.329999923706055,14.207499933242797,,-5.847571141314423,0,502.04241943359375,,0.5943169061155551,0.6206876599557098,0,normal_bear
2024-03-19,13.819999694824219,14.127499914169311,,-0.14451197646795366,0,504.832275390625,,0.555701241376938,0.10298738451437472,0,normal_bear
2024-03-20,13.039999961853027,14.012499904632568,,-5.163636641068892,0,509.5016784667969,,0.9249414714141979,1.1874962157762958,0,normal_bear
2024-03-21,12.920000076293945,13.931499910354614,,-10.27777487113144,0,511.1853942871094,,0.3304632529139484,1.7229631538745238,0,normal_bear
2024-03-22,13.0600004196167,13.896999931335449,,-9.368490229636306,0,510.2162780761719,,-0.1895821402113862,2.2321142212606837,0,normal_bear
2024-03-25,13.1899995803833,13.869499921798706,,-7.9553408889895145,0,508.8067626953125,,-0.276258410683039,1.3473648838977281,0,normal_bear
2024-03-26,13.239999771118164,13.859999895095825,,-4.1968157490138935,0,507.8669738769531,,-0.18470446685515673,0.6011300454155766,0,normal_bear
2024-03-27,12.779999732971191,13.80699987411499,,-1.993866791736476,0,512.1349487304688,,0.8403725922429661,0.5168325002571139,0,normal_bear
2024-03-28,13.010000228881836,13.787499904632568,,0.6965956041519394,0,512.0371704101562,,-0.01909229599637019,0.1666276330595684,0,normal_bear
2024-04-01,13.649999618530273,13.81449990272522,,4.5176047469904335,0,511.1462097167969,,-0.1740031280630827,0.18226224457820184,0,normal_bear
2024-04-02,14.609999656677246,13.870499897003175,,10.765732535775264,0,507.8963317871094,,-0.6358020206171711,-0.1789345140344234,0,normal_bear
2024-04-03,14.329999923706055,13.863999891281129,,8.232629693586734,0,508.4542541503906,,0.10984965402647262,0.11563663393079349,0,normal_bear
2024-04-04,16.350000381469727,13.956499910354614,,27.934277958459354,0,502.24798583984375,,-1.2206148851910625,-1.9305386041577055,0,normal_bear
2024-04-05,16.030000686645508,14.035999965667724,,23.21291625390871,0,507.4949035644531,,1.0446866632696672,-0.8870970914210519,0,normal_bear
2024-04-08,15.1899995803833,14.058499956130982,,11.282051317880137,0,507.77874755859375,,0.055930412728688594,-0.6588060508301297,0,normal_bear
2024-04-09,14.979999542236328,14.046499919891357,,2.532511254303693,0,508.36614990234375,,0.11568076580090736,0.09250275810839259,0,normal_bear
2024-04-10,15.800000190734863,14.144499921798706,,10.258201499338426,0,503.27587890625,,-1.0013001449981629,-1.0184545024199854,0,normal_bear
2024-04-11,14.90999984741211,14.202499914169312,,-8.80734251046038,0,507.0740051269531,,0.7546807585846249,0.9608837512885993,0,normal_bear
2024-04-12,17.309999465942383,14.347999906539917,,7.985020115209562,1,500.0748291015625,,-1.380306612964366,-1.4620983207466298,0,normal_bear
2024-04-15,19.229999542236328,14.588999891281128,,26.59644551320708,1,493.8098449707031,,-1.2528093329782442,-2.75098212657644,0,normal_bear
2024-04-16,18.399999618530273,14.792499876022339,,22.830441794415314,1,492.9092102050781,,-0.1823849351724527,-3.0405131616719316,0,normal_bear
2024-04-17,18.209999084472656,15.01199984550476,,15.253157371169014,1,489.9920349121094,,-0.591828116126103,-2.6394755939843306,0,normal_bear
2024-04-18,18.0,15.259999847412109,,20.724347311943237,0,488.9837646484375,,-0.20577278646023434,-3.567574021860276,0,normal_bear
2024-04-19,18.709999084472656,15.549499797821046,,8.087808559929698,1,484.7157897949219,,-0.8728254723516571,-3.071348208874014,0,normal_bear
2024-04-22,16.940000534057617,15.743499803543092,,-11.908471464853697,0,489.1795959472656,,0.9209120574001473,-0.9376583052353338,0,normal_bear
2024-04-23,15.6899995803833,15.868499803543092,,-14.728261382232777,0,494.9844665527344,499.08253356933596,1.18665427862501,0.42102202691503,0,normal_bear
2024-04-24,15.970000267028809,16.004999828338622,,-12.300927677442086,0,494.74957275390625,499.19964477539065,-0.04745478185689267,0.9709418730960095,0,normal_bear
2024-04-25,15.369999885559082,16.13449983596802,,-14.61111174689399,0,492.87005615234375,499.41383666992186,-0.37989251634935606,0.7947690260637463,0,normal_bear
2024-04-26,15.029999732971191,16.235499811172485,,-19.66862389937517,0,497.53948974609375,499.63378356933595,0.9473964862468209,2.645612175455936,0,normal_bear
2024-04-29,14.670000076293945,16.28649983406067,,-13.400238407312148,0,499.3014831542969,499.8218298339844,0.3541414188253267,2.0691556415861623,0,normal_bear
2024-04-30,15.649999618530273,16.33849983215332,,-0.2549392155691166,0,491.3919372558594,499.9004779052734,-1.584122251844633,-0.7257862700005058,0,normal_bear
2024-05-01,15.390000343322754,16.391499853134157,,-3.6318091046216527,0,489.7962646484375,500.0008862304687,-0.3247250283211378,-1.0011748121170339,0,normal_bear
2024-05-02,14.680000305175781,16.307999849319458,,-4.489262104885194,0,494.3775939941406,500.1841387939453,0.9353540801278815,0.3058692292174703,0,normal_bear
2024-05-03,13.489999771118164,16.18099980354309,,-10.246174246262573,0,500.5055236816406,500.2891149902344,1.2395241535911206,0.5961404062741815,1,low_vol_bull
2024-05-06,13.489999771118164,16.095999813079835,,-8.043628486973276,0,505.6741638183594,500.4906335449219,1.032683934974199,1.2763191937271268,1,low_vol_bull
2024-05-07,13.229999542236328,16.008499813079833,0.13333333333333333,-15.46325965036166,0,506.2321472167969,500.7396142578125,0.11034445466309162,3.020035298871915,1,low_vol_bull
2024-05-08,13.0,15.868499803543092,0.04918032786885246,-15.52956653675256,0,506.2810974121094,500.9712274169922,0.009669515375820836,3.3656509764328657,1,low_vol_bull
2024-05-09,12.6899995803833,15.75749979019165,0.016129032258064516,-13.555862966098564,0,509.1982421875,501.2742596435547,0.5761907348115214,2.99783978347834,1,low_vol_bull
2024-05-10,12.550000190734863,15.519499826431275,0.015873015873015872,-6.9681215443444415,0,509.8541564941406,501.5548889160156,0.12881315218662426,1.8678380897243496,1,low_vol_bull
2024-05-13,13.600000381469727,15.237999868392944,0.28125,0.8154233670712996,0,509.922607421875,501.74378845214846,0.01342558982064812,0.840154373606028,1,low_vol_bull
2024-05-14,13.420000076293945,14.988999891281129,0.2153846153846154,1.4361340939661238,0,512.2622680664062,501.99021484375,0.45882661613305675,1.1911769892058999,1,low_vol_bull
2024-05-15,12.449999809265137,14.700999927520751,0.015151515151515152,-4.230770697960484,0,518.6055908203125,502.46343872070315,1.2382959178020014,2.434318300880789,1,low_vol_bull
2024-05-16,12.420000076293945,14.42199993133545,0.014925373134328358,-2.127655736937384,0,517.5385131835938,502.86516052246094,-0.2057589921140024,1.6379221892566243,1,low_vol_bull
2024-05-17,11.989999771118164,14.085999965667725,0.014705882352941176,-4.462154670165852,0,518.282470703125,503.1830029296875,0.14374920910811273,1.6530833575897796,1,low_vol_bull
2024-05-20,12.149999618530273,13.846499919891357,0.028985507246376812,-10.661770016676675,0,518.8795776367188,503.5730963134766,0.11520878427233594,1.7565352240665355,1,low_vol_bull
2024-05-21,11.859999656677246,13.654999923706054,0.014285714285714285,-11.624444193352845,0,520.15234375,503.99723266601563,0.24529123290575328,1.5402414301126877,1,low_vol_bull
2024-05-22,12.289999961853027,13.470999908447265,0.056338028169014086,-1.285139356331877,0,518.654541015625,504.2840655517578,-0.2879546256730703,0.009438809796691316,1,low_vol_bull
2024-05-23,12.770000457763672,13.340999937057495,0.125,2.8180384808352166,0,514.8660888671875,504.51093994140626,-0.7304384419384413,-0.5163720666829352,1,low_vol_bull
2024-05-24,11.930000305175781,13.185999965667724,0.0273972602739726,-0.5004125695390882,0,518.2727661132812,504.8258544921875,0.6616627740213321,-0.0018724518756285669,1,low_vol_bull
2024-05-28,12.920000076293945,13.098499965667724,0.16891891891891891,6.337452526248022,0,518.6349487304688,505.21702697753904,0.06988262568832226,-0.047145603102016764,1,low_vol_bull
2024-05-29,14.279999732971191,13.02999997138977,0.52,20.404722987757197,0,515.0032348632812,505.4762432861328,-0.7002447243629306,-0.9899232308743677,1,low_vol_bull
2024-05-30,14.470000267028809,12.983999967575073,0.618421052631579,17.738000910840455,0,511.5868225097656,505.6113342285156,-0.6633768726564626,-1.3627025210305566,1,low_vol_bull
2024-05-31,12.920000076293945,12.895999956130982,0.16883116883116883,1.1746250051156482,0,516.2463989257812,505.7462286376953,0.9108085296561041,0.2680910800769043,1,low_vol_bull
2024-06-03,13.109999656677246,12.876999950408935,0.25,9.891025325368407,0,516.6673583984375,505.8558679199219,0.08154235526527387,-0.3097611566363567,1,low_vol_bull
2024-06-04,13.15999984741211,12.860499954223632,0.26582278481012656,1.8575833568184263,0,517.2449340820312,505.9964410400391,0.11178869231920352,-0.2680140726806002,1,low_vol_bull
2024-06-05,12.630000114440918,12.830499982833862,0.1125,-11.554619393448428,0,523.3923950195312,506.28815368652346,1.188500946540949,1.6289529052136986,1,low_vol_bull
2024-06-06,12.579999923706055,12.809499979019165,0.1111111111111111,-13.06150869692303,0,523.382568359375,506.59846557617186,-0.0018774938745358405,2.3057172957937633,1,low_vol_bull
2024-06-07,12.220000267028809,12.78600001335144,0.06097560975609756,-5.417955148077125,0,522.7462158203125,506.81069091796877,-0.12158458793483096,1.259053217234296,1,low_vol_bull
2024-06-10,12.739999771118164,12.795499992370605,0.1566265060240964,-2.822272274970139,0,524.3615112304688,507.057177734375,0.30900183708102436,1.4891888769365202,1,low_vol_bull
2024-06-11,12.850000381469727,12.757999992370605,0.19047619047619047,-2.3556190694283607,0,525.624267578125,507.34673889160155,0.24081789387879748,1.6199933424122959,1,low_vol_bull
2024-06-12,12.039999961853027,12.68899998664856,0.047058823529411764,-4.671418426301477,0,529.9412841796875,507.78763793945313,0.8213122695901465,1.2512388835745014,1,low_vol_bull
2024-06-13,11.9399995803833,12.663499975204468,0.03488372093023256,-5.087443141527547,0,531.00830078125,508.2387188720703,0.20134619313800783,1.4570092477055763,1,low_vol_bull
2024-06-14,12.65999984741211,12.675499963760377,0.16091954022988506,3.600651151951917,0,531.3313598632812,508.82038635253906,0.06083880074114756,1.642315866313182,1,low_vol_bull
2024-06-17,12.75,12.713499975204467,0.19318181818181818,0.07849473360672654,0,535.5601806640625,509.38169189453123,0.795891438041485,2.1356772367435717,1,low_vol_bull
2024-06-18,12.300000190734863,12.721000003814698,0.10112359550561797,-4.280156999279072,0,536.9208984375,509.9645349121094,0.2540737385946512,2.149183657639231,1,low_vol_bull
2024-06-20,13.279999732971191,12.792000007629394,0.3888888888888889,10.299001453878077,0,535.4622802734375,510.50645751953124,-0.2716635110138643,1.04181279295803,1,low_vol_bull
2024-06-21,13.199999809265137,12.8375,0.3626373626373626,10.552766106892841,0,534.7444458007812,511.13582885742187,-0.13405883086473613,0.7035944662323379,1,low_vol_bull
2024-06-24,13.329999923706055,12.86549997329712,0.40217391304347827,5.292259750152395,0,533.0061645507812,511.65447204589844,-0.3250676587013279,0.3152090793080431,1,low_vol_bull
2024-06-25,12.84000015258789,12.910999965667724,0.22580645161290322,0.7058835497089522,0,535.0586547851562,512.3541485595703,0.3850781418456739,-0.09364510227112266,1,low_vol_bull
2024-06-26,12.550000190734863,12.892499971389771,0.13297872340425532,2.0325202936851694,0,535.7265014648438,513.1924816894531,0.12481747070434146,-0.22245306080133087,1,low_vol_bull
2024-06-27,12.239999771118164,12.79049997329712,0.08421052631578947,-7.831325171422598,0,536.571044921875,514.0657183837891,0.15764451725310824,0.20706680737088146,1,low_vol_bull
2024-06-28,12.4399995803833,12.688999938964844,0.125,-5.757577574723816,0,534.4595947265625,514.9550695800781,-0.39350803873883233,-0.053268636346881504,1,low_vol_bull
2024-07-01,12.220000267028809,12.653999948501587,0.07731958762886598,-8.327079242537906,0,535.5596313476562,515.8865869140625,0.20582222340990164,0.47906890514617384,1,low_vol_bull
2024-07-02,12.029999732971191,12.599999952316285,0.05102040816326531,-6.308414408028218,0,539.1637573242188,516.9755462646484,0.6729644591570993,0.7672247710320379,1,low_vol_bull
2024-07-03,12.09000015258789,12.546499967575073,0.0707070707070707,-3.665338893672454,0,541.56982421875,518.0233508300781,0.4462590190542848,1.0907287091321383,1,low_vol_bull
2024-07-05,12.479999542236328,12.538999938964844,0.17,1.960782480441492,0,544.6927490234375,519.0175164794922,0.5766430596816363,1.5136307071405675,1,low_vol_bull
2024-07-08,12.369999885559082,12.528499937057495,0.13861386138613863,-0.5626985304292287,0,545.3212890625,520.0289508056641,0.1153935021513286,2.0322760491360503,1,low_vol_bull
2024-07-09,12.510000228881836,12.542999935150146,0.18627450980392157,2.3731583921113852,0,545.8515625,521.0885809326172,0.09724055307132051,1.9217152581955554,1,low_vol_bull
2024-07-10,12.850000381469727,12.548499965667725,0.3058252427184466,6.8162981438072645,0,551.2529907226562,522.1628509521485,0.9895415885442738,2.242219220823438,1,low_vol_bull
2024-07-11,12.920000076293945,12.551999950408936,0.3317307692307692,6.8651771152243635,0,546.499755859375,523.10681640625,-0.8622601497454196,0.910303975620641,1,low_vol_bull
2024-07-12,12.460000038146973,12.572999954223633,0.17142857142857143,-0.16025244249144865,0,549.9468383789062,524.2779144287109,0.6307564610181116,0.964596897037584,1,low_vol_bull
2024-07-15,13.119999885559082,12.631999969482422,0.41509433962264153,6.063055836205478,0,551.4593505859375,525.5111761474609,0.2750288030548109,1.1255862638317016,1,low_vol_bull
2024-07-16,13.1899995803833,12.658499956130981,0.43457943925233644,5.435646195525634,0,554.7294921875,526.7182141113282,0.5929977609569814,1.6264366170977151,1,low_vol_bull
2024-07-17,14.479999542236328,12.744999933242799,0.7314814814814815,12.68481799515846,0,546.9515380859375,527.6471343994141,-1.4021165651191936,-0.7803046349154186,1,low_vol_bull
2024-07-18,15.930000305175781,12.926499938964843,0.908256880733945,23.29721525624977,1,542.748291015625,528.3886169433594,-0.7684861962399481,-0.6864531600477619,1,low_vol_bull
2024-07-19,16.520000457763672,13.088499975204467,0.9363636363636364,32.58427293087307,1,539.1441040039062,529.0468560791015,-0.6640623418591285,-1.9643233893013257,1,low_vol_bull
2024-07-22,14.90999984741211,13.173999977111816,0.7792792792792793,13.643292511177862,0,544.70263671875,529.8152868652344,1.0309920248712245,-1.2252424154216124,1,low_vol_bull
2024-07-23,14.720000267028809,13.243499994277954,0.7589285714285714,11.599702314782379,0,543.8482666015625,530.5082873535156,-0.1568507401275232,-1.9615372427791544,1,low_vol_bull
2024-07-24,18.040000915527344,13.503500032424927,0.9646017699115044,24.585645620408634,1,531.523193359375,530.9416680908203,-2.266270575652518,-2.820788251287154,1,normal_bull
2024-07-25,18.459999084472656,13.798999977111816,0.9824561403508771,15.881975711418272,1,528.7537841796875,531.3182916259766,-0.5210326123652353,-2.578452492176453,0,normal_bear
2024-07-26,16.389999389648438,14.00649995803833,0.9130434782608695,-0.7869313832502889,0,534.6757202148438,531.7665606689453,1.1199798871120326,-0.8287921088032779,1,low_vol_bull
2024-07-29,16.600000381469727,14.214499998092652,0.9224137931034483,11.334678412830069,0,534.989990234375,532.0942486572266,0.058777686670530294,-1.7831098712654092,1,low_vol_bull
2024-07-30,17.690000534057617,14.488000011444091,0.9401709401709402,20.176631882821926,1,532.2796020507812,532.3890704345703,-0.5066240926127175,-2.1271860666344233,0,normal_bear
2024-07-31,16.360000610351562,14.70450005531311,0.8898305084745762,-9.312639799977928,0,540.931396484375,532.8420489501954,1.6254228793025183,1.7700456428886069,1,low_vol_bull
2024-08-01,18.59000015258789,15.029500055313111,0.9831932773109243,0.7042311731455309,1,533.2713623046875,533.1298846435546,-1.4160823774459486,0.8543821831948906,1,normal_bull
2024-08-02,23.389999389648438,15.575000047683716,1.0,42.70897047391622,1,523.3426513671875,533.1936907958984,-1.861849639663793,-2.119615389137619,0,normal_bear
2024-08-05,38.56999969482422,16.885000038146973,1.0,132.34939041253995,1,508.10107421875,532.9826214599609,-2.912351421887782,-5.026059647180537,0,high_vol_bear
2024-08-06,27.709999084472656,17.644999980926514,0.9918032786885246,56.64216081352891,1,512.7855224609375,532.9410101318359,0.9219520445592932,-3.6623758480949564,0,high_vol_bear
2024-08-07,27.850000381469727,18.394999980926514,0.991869918699187,70.23226981940347,1,509.3580322265625,532.7627154541016,-0.6684062018611492,-5.8368518564487655,0,high_vol_bear
2024-08-08,23.790000915527344,18.938500022888185,0.9758064516129032,27.972031846463263,1,521.133056640625,532.8126776123047,2.311738240897121,-2.276196796243335,0,normal_bear
2024-08-09,20.3700008392334,19.334000062942504,0.96,-12.911494780763356,0,523.4310302734375,532.9812335205078,0.44095718042258536,0.016887388409703163,0,normal_bear
2024-08-12,20.709999084472656,19.713500022888184,0.9603174603174603,-46.305420668043794,0,523.7059936523438,533.2236169433594,0.05253096645083666,3.071223468202211,0,normal_bear
2024-08-13,18.1200008392334,19.96000008583069,0.8976377952755905,-34.60843941569463,0,532.3187866210938,533.5450646972656,1.6445855256847608,3.809246420689316,0,normal_bear
2024-08-14,16.190000534057617,20.045500135421754,0.8125,-41.867144300544446,0,533.998046875,533.8916784667969,0.315461391953753,4.837464629884858,1,low_vol_bull
2024-08-15,15.229999542236328,20.01050009727478,0.7209302325581395,-35.98150922181782,0,543.1509399414062,534.4097985839844,1.7140311879359382,4.2250022369939355,1,low_vol_bull
2024-08-16,14.800000190734863,19.92450008392334,0.6692307692307692,-27.34413558673253,0,544.36865234375,534.8293237304688,0.22419410753025115,4.000072762093376,1,low_vol_bull
2024-08-19,14.649999618530273,19.91150007247925,0.6335877862595419,-29.26122517545582,0,549.5736083984375,535.35314453125,0.9561454415638826,4.939339068031678,1,low_vol_bull
2024-08-20,15.880000114440918,19.969500064849854,0.7878787878787878,-12.362034332484328,0,548.6799926757812,535.8718200683594,-0.16260164407465583,3.0735729164361514,1,low_vol_bull
2024-08-21,16.270000457763672,19.88100004196167,0.8195488721804511,0.49413169281722347,0,550.5654907226562,536.3958996582031,0.3436425734570481,3.102528922083203,1,low_vol_bull
2024-08-22,17.549999237060547,19.835500049591065,0.8731343283582089,15.23309103450936,0,546.244384765625,536.8083020019532,-0.7848486746525829,0.5695368629119013,1,low_vol_bull
2024-08-23,15.859999656677246,19.809000062942506,0.7703703703703704,7.1621584613625,0,552.0484619140625,537.2504455566407,1.0625422082696234,1.4107736617910538,1,low_vol_bull
2024-08-26,16.149999618530273,19.786500024795533,0.8014705882352942,10.238908116439148,0,550.732421875,537.6449279785156,-0.23839212131839815,0.21085682770312086,1,low_vol_bull
2024-08-27,15.430000305175781,19.67350001335144,0.7299270072992701,-2.833751927091721,0,551.4886474609375,538.0480737304688,0.1373127050270373,0.5118930565445101,1,low_vol_bull
2024-08-28,17.110000610351562,19.71100001335144,0.8623188405797102,5.162877252330134,0,548.287109375,538.3026123046875,-0.5805265621835476,-0.4138256730667478,1,low_vol_bull
2024-08-29,15.649999618530273,19.56399998664856,0.7302158273381295,-10.82620912323472,0,548.3362426757812,538.5309191894531,0.008961235808957468,0.3829527531077126,1,low_vol_bull
2024-08-30,15.0,19.144500017166138,0.6571428571428571,-5.422444358724665,0,553.5706176757812,538.8930859375,0.9545921995703255,0.27572864824967347,1,low_vol_bull
2024-09-03,20.719999313354492,18.25199999809265,0.9645390070921985,28.297212401049656,0,542.1787109375,539.0417712402344,-2.057895844636992,-1.5531518751662365,1,normal_bull
2024-09-04,21.31999969482422,17.932500028610228,0.9647887323943662,38.172386734643936,0,541.0689086914062,539.2030261230469,-0.20469306959226552,-1.8893840911329507,1,normal_bull
2024-09-05,19.899999618530273,17.534999990463255,0.9370629370629371,16.306247274420073,0,539.7529296875,539.2969116210937,-0.24321837436362959,-1.5565165661523994,1,normal_bull
2024-09-06,22.3799991607666,17.46449990272522,0.9652777777777778,43.003193011376936,1,530.6688842773438,539.1957592773438,-1.683000667623169,-3.2219935549443135,0,normal_bear
2024-09-09,19.450000762939453,17.41849989891052,0.9241379310344827,29.666671752929695,0,536.6102905273438,539.1965441894531,1.1196070517853984,-3.063805521262497,0,normal_bear
2024-09-10,19.079999923706055,17.336999940872193,0.910958904109589,-7.91505523164483,0,538.9476318359375,539.2863049316406,0.43557519299466385,-0.5959435581628703,0,normal_bear
2024-09-11,17.690000534057617,17.315499925613402,0.8469387755102041,-17.026262723858498,0,544.4767456054688,539.4646472167968,1.0259092800345426,0.6298341781094896,1,low_vol_bull
2024-09-12,17.06999969482422,17.359499883651733,0.8175675675675675,-14.221105416860635,0,549.0629272460938,539.6626306152343,0.8423099200545403,1.7248628115800857,1,low_vol_bull
2024-09-13,16.559999465942383,17.425999879837036,0.7986577181208053,-26.005361541867288,0,551.9306030273438,539.8698461914063,0.5222854501638396,4.006588548894063,1,low_vol_bull
2024-09-16,17.139999389648438,17.542999839782716,0.8266666666666667,-11.876613278558601,0,552.745849609375,540.030908203125,0.14770816793987507,3.0069417912530705,1,low_vol_bull
2024-09-17,17.610000610351562,17.690999889373778,0.8410596026490066,-7.704398947759339,0,552.9715576171875,540.1839135742188,0.040833957952290945,2.6020943321482193,1,low_vol_bull
2024-09-18,18.229999542236328,17.80849986076355,0.881578947368421,3.052566375784327,0,551.3316040039062,540.2935144042968,-0.29657106060716476,1.2589809305473265,1,normal_bull
2024-09-19,16.329999923706055,17.81149983406067,0.7516339869281046,-4.335089539237302,0,560.73974609375,540.4832495117188,1.7064398306789519,2.126681345291881,1,low_vol_bull
2024-09-20,16.149999618530273,17.741499853134155,0.7305194805194806,-2.4758445690491904,0,559.7703857421875,540.748662109375,-0.1728717035514804,1.4204290669592279,1,low_vol_bull
2024-09-23,15.890000343322754,17.742999887466432,0.7032258064516129,-7.292876842694696,0,561.169189453125,540.9731091308594,0.24988883773886528,1.5239082934232373,1,low_vol_bull
2024-09-24,15.390000343322754,17.704999923706055,0.6378205128205128,-12.60647467396362,0,562.7748413085938,541.1994189453125,0.2861261604603538,1.7728368767554015,1,low_vol_bull
2024-09-25,15.40999984741211,17.70399990081787,0.643312101910828,-15.469005845505801,0,561.5336303710938,541.3355017089843,-0.22055195904171487,1.8504338030139955,1,low_vol_bull
2024-09-26,15.369999885559082,17.616999864578247,0.6234177215189873,-5.878751026528494,0,563.7599487304688,541.671669921875,0.39647106405786836,0.5386104084396104,1,low_vol_bull
2024-09-27,16.959999084472656,17.682499837875366,0.8050314465408805,5.015476687770337,0,562.9423828125,542.0755517578125,-0.14502022000850712,0.5666603934588066,1,low_vol_bull
2024-09-30,16.729999542236328,17.768999814987183,0.79375,5.286338456666906,0,565.1981811523438,542.5966333007813,0.40071566979440476,0.7179638110825559,1,low_vol_bull
2024-10-01,19.260000228881836,17.69599986076355,0.9254658385093167,25.146197525837977,0,560.1348266601562,542.9052770996094,-0.8958547038959264,-0.46910672877608084,1,normal_bull
2024-10-02,18.899999618530273,17.574999856948853,0.9074074074074074,22.64763014714928,0,560.3712768554688,543.2357373046875,0.04221308586047634,-0.2069962425682026,1,normal_bull
2024-10-03,20.489999771118164,17.604499864578248,0.9447852760736196,33.311645567216885,0,559.3468017578125,543.7922094726563,-0.18282077257869567,-0.7828060476084198,1,normal_bull
2024-10-04,19.209999084472656,17.44599986076355,0.9085365853658537,13.266510150109244,0,564.4297485351562,544.5057287597656,0.9087290320370034,0.26421278057360276,1,normal_bull
2024-10-07,22.639999389648438,17.605499792099,0.9696969696969697,35.3257621585213,1,559.3270874023438,544.9987561035156,-0.904038305219601,-1.0387672759367028,1,normal_bull
2024-10-08,21.420000076293945,17.722499799728393,0.9578313253012049,11.214952345499075,1,564.616943359375,545.5912951660156,0.9457535807176232,0.8001853278689408,1,normal_bull
2024-10-09,20.860000610351562,17.88099980354309,0.9461077844311377,10.370375827413403,0,568.5277709960938,546.3162585449219,0.6926514839335152,1.4555517881636115,1,normal_bull
2024-10-10,20.93000030517578,18.07399983406067,0.9464285714285714,2.147391600647186,0,567.5328979492188,546.8482885742187,-0.17499110819721997,1.4635099665682327,1,normal_bull
2024-10-11,20.459999084472656,18.268999814987183,0.9171597633136095,6.50702789991473,0,570.9313354492188,547.6014880371093,0.5988088994101082,1.1518859399129555,1,normal_bull
2024-10-14,19.700000762939453,18.396999883651734,0.9,-12.985860008694273,0,575.6007080078125,548.6466491699218,0.8178518621542841,2.909499820766337,1,normal_bull
2024-10-15,20.639999389648438,18.548499822616577,0.9239766081871345,-3.641459775290823,0,571.1283569335938,549.9071948242188,-0.7769884595343557,1.1532444519778196,1,normal_bull
2024-10-16,19.579999923706055,18.615999841690062,0.8895348837209303,-6.136148845606071,0,573.6107177734375,551.1236987304687,0.43464149690826126,0.8940542637764448,1,normal_bull
2024-10-17,19.110000610351562,18.75499987602234,0.861271676300578,-8.695650589045389,0,573.6599731445312,552.4097375488282,0.008586898669693532,1.0795982431067275,1,normal_bull
2024-10-18,18.030000686645508,18.8489999294281,0.7988505747126436,-11.876825545272407,0,575.8666381835938,553.5044091796875,0.3846642858776894,0.8644301736375759,1,normal_bull
2024-10-21,18.3700008392334,18.97299995422363,0.8228571428571428,-6.751268386791698,0,574.9209594726562,554.5342077636719,-0.16421835338826796,-0.11809376286364692,1,normal_bull
2024-10-22,18.200000762939453,19.11349997520447,0.8068181818181818,-11.821699122397822,0,574.6155395507812,555.5523986816406,-0.05312381064610516,0.6105777405118307,1,normal_bull
2024-10-23,19.239999771118164,19.30499997138977,0.8757062146892656,-1.7364665674806434,0,569.3650512695312,556.2933239746094,-0.9137393474173527,-0.7401651280831145,1,normal_bull
2024-10-24,19.079999923706055,19.49049997329712,0.851123595505618,-0.15698945937896447,0,570.596435546875,557.0252917480469,0.2162732458899752,-0.5340337030773412,1,normal_bull
2024-10-25,20.329999923706055,19.65900001525879,0.9050279329608939,12.756512198938053,0,570.3993530273438,557.5702600097657,-0.03453973899124607,-0.9494012664972185,1,normal_bull
2024-10-28,19.799999237060547,19.8125,0.8944444444444445,7.784422060411966,0,572.1627807617188,558.126142578125,0.3091566855775385,-0.47974920125845033,1,normal_bull
2024-10-29,19.34000015258789,19.816499996185303,0.8729281767955801,6.263732647582132,0,573.0886840820312,558.5964440917969,0.16182515735816416,-0.26571774754711175,1,normal_bull
2024-10-30,20.350000381469727,19.889000034332277,0.9065934065934066,5.769234010167823,0,571.35498046875,559.0499438476562,-0.3025192542508992,0.3494997093308916,1,normal_bull
2024-10-31,23.15999984741211,20.022500038146973,0.9726775956284153,21.383647484384085,0,560.154541015625,559.2417248535156,-1.9603293637058927,-1.8299964529645552,1,normal_bull
2024-11-01,21.8799991607666,20.15600004196167,0.9565217391304348,7.62419696447294,0,562.5187377929688,559.5672119140625,0.42206152128254626,-1.381596103247551,1,normal_bull
2024-11-04,21.979999542236328,20.123000049591063,0.9567567567567568,11.01010297563738,0,561.30712890625,559.7523852539063,-0.21538996042558267,-1.897301296148035,1,normal_bull
2024-11-05,20.489999771118164,20.076500034332277,0.9059139784946236,5.946223420150232,0,568.0942993164062,560.0996228027344,1.2091723159443069,-0.8714854968083996,1,normal_bull
2024-11-06,16.270000457763672,19.84700002670288,0.6390374331550802,-20.049139298401265,0,582.2203369140625,560.7142565917969,2.4865656308564077,1.901682284522721,1,low_vol_bull
2024-11-07,15.199999809265137,19.56050000190735,0.5053191489361702,-34.369603154537245,0,586.7220458984375,561.4829553222656,0.773196794917097,4.7428884240842795,1,low_vol_bull
2024-11-08,14.9399995803833,19.28450002670288,0.48148148148148145,-31.718463649795435,0,589.2636108398438,562.3015026855469,0.4331804061520117,4.75448571754391,1,low_vol_bull
2024-11-11,14.970000267028809,19.048000001907347,0.4842105263157895,-31.89262703002903,0,589.8250732421875,563.026591796875,0.09528204219899639,5.080631060486773,1,low_vol_bull
2024-11-12,14.710000038146973,18.751500034332274,0.450261780104712,-28.208881393539276,0,587.9928588867188,563.9428747558594,-0.3106369055145941,3.5026860143213323,1,low_vol_bull
2024-11-13,14.020000457763672,18.473500061035157,0.359375,-13.82913298521975,0,588.278564453125,564.8870678710938,0.04858997215497762,1.040538633736654,1,low_vol_bull
2024-11-14,14.3100004196167,18.233500051498414,0.37305699481865284,-5.855259215897746,0,584.495849609375,565.7819262695313,-0.6430142235875125,-0.3794294597629366,1,low_vol_bull
2024-11-15,16.139999389648438,18.13899998664856,0.6288659793814433,8.032127462980498,0,577.00927734375,566.7087341308594,-1.28085978208885,-2.079601263452935,1,low_vol_bull
2024-11-18,15.579999923706055,17.99949994087219,0.5692307692307692,4.074813933175148,0,579.3734741210938,567.5639978027343,0.40973288821755105,-1.7719828463111487,1,low_vol_bull
2024-11-19,16.350000381469727,17.906999921798707,0.6658163265306123,11.148880619101242,0,581.4913940429688,568.414873046875,0.36555348431992485,-1.1057047284655175,1,low_vol_bull
2024-11-20,17.15999984741211,17.802999925613403,0.7258883248730964,22.396571234843577,0,581.6884155273438,569.1591064453125,0.03388209806600706,-1.1202429127954994,1,low_vol_bull
2024-11-21,16.8700008392334,17.692499971389772,0.696969696969697,17.889590108658226,0,584.81103515625,569.8740686035156,0.5368199787983308,0.05392434301896287,1,low_vol_bull
2024-11-22,15.239999771118164,17.437999963760376,0.5175879396984925,-5.57620602580381,0,586.6236572265625,570.5679296875,0.30995004562939243,1.6662435528024933,1,low_vol_bull
2024-11-25,14.600000381469727,17.178000020980836,0.42,-6.2901126253870565,0,588.613525390625,571.285283203125,0.3392069412048837,1.5948350558417257,1,low_vol_bull
2024-11-26,14.100000381469727,16.916000032424925,0.3482587064676617,-13.761467568832831,0,591.6869506835938,572.0595910644531,0.5221465631339628,1.7533460933510492,1,low_vol_bull
2024-11-27,14.100000381469727,16.603500032424925,0.349009900990099,-17.832164878508785,0,589.89404296875,572.83083984375,-0.30301626777003987,1.4106568434867794,1,low_vol_bull
2024-11-29,13.510000228881836,16.121000051498413,0.29064039408866993,-19.91701507528939,0,593.5585327148438,573.4872155761718,0.6212115192164802,1.4957818906848441,1,low_vol_bull
2024-12-02,13.34000015258789,15.694000101089477,0.25980392156862747,-12.467189285206072,0,594.6224975585938,574.1842578125,0.17925188252010393,1.3635386560862717,1,low_vol_bull
2024-12-03,13.300000190734863,15.260000133514405,0.25365853658536586,-8.904110662797105,0,594.8983154296875,574.8588403320313,0.04638537428809375,1.067727764986648,1,low_vol_bull
2024-12-04,13.449999809265137,14.908000135421753,0.2815533980582524,-4.609933011482914,0,598.59228515625,575.5751892089844,0.6209413660710039,1.1670587740152616,1,low_vol_bull
2024-12-05,13.539999961853027,14.77150011062622,0.30434782608695654,-3.971634074227781,0,597.6072387695312,576.2966613769531,-0.16456048818965785,1.3075561438056216,1,low_vol_bull
2024-12-06,12.770000457763672,14.650000143051148,0.14182692307692307,-5.477422343311167,0,598.7401123046875,576.9962646484375,0.1895682417583977,0.8729685960614519,1,low_vol_bull
2024-12-09,14.1899995803833,14.612500143051147,0.37320574162679426,6.371809730680655,0,595.65673828125,577.6505517578125,-0.5149770259368247,0.17393232292801653,1,low_vol_bull
2024-12-10,14.180000305175781,14.573000144958495,0.37142857142857144,6.616542118953883,0,593.8048095703125,578.2226843261719,-0.3109053573843834,-0.18381391088411192,1,low_vol_bull
2024-12-11,13.579999923706055,14.51650013923645,0.3080568720379147,0.9665436154977947,0,598.3953247070312,578.9878942871094,0.7730680288764447,-0.032903940478845595,1,low_vol_bull
2024-12-12,13.920000076293945,14.511500120162964,0.3490566037735849,2.8065001145606505,0,595.31201171875,579.686708984375,-0.5152635491914692,-0.38406948609041036,1,low_vol_bull
2024-12-13,13.8100004196167,14.486500120162964,0.3333333333333333,8.144087114897069,0,595.1937866210938,580.4036486816407,-0.019859350278339516,-0.5922979955264918,1,low_vol_bull
2024-12-16,14.6899995803833,14.414000129699707,0.4766355140186916,3.5236082789686263,0,597.7352905273438,581.0697595214843,0.4270044418101415,0.3489513527692667,1,low_vol_bull
2024-12-17,15.869999885559082,14.428500127792358,0.6232558139534884,11.918191424625292,0,595.2725219726562,581.7886682128906,-0.41201658890087645,0.24717085121048754,1,low_vol_bull
2024-12-18,27.6200008392334,14.992000150680543,0.9861111111111112,103.38734163774394,1,577.5313720703125,582.0469567871094,-2.9803408098784567,-3.4866503422187556,0,high_vol_bear
2024-12-19,24.09000015258789,15.338500165939331,0.9815668202764977,73.06034497523942,1,577.35400390625,582.2234814453125,-0.030711433636354535,-3.0165707156912025,0,normal_bear
2024-12-20,18.360000610351562,15.41300015449524,0.7981651376146789,32.94714013383897,0,584.2886352539062,582.5585961914062,1.2011056129754172,-1.8322018159994347,1,normal_bull
2024-12-23,16.780000686645508,15.490000200271606,0.7077625570776256,14.227373491917227,0,587.7874755859375,582.8957189941407,0.5988205350786702,-1.6642508981910553,1,low_vol_bull
2024-12-24,14.270000457763672,15.473500204086303,0.38181818181818183,-10.081912031085338,0,594.3207397460938,583.2701196289063,1.111501083558064,-0.1598901665086805,1,low_vol_bull
2024-12-26,14.729999542236328,15.505000162124634,0.4796380090497738,-46.66908365436109,0,594.3603515625,583.7347595214844,0.0066650570571091805,2.9139507057183156,1,low_vol_bull
2024-12-27,15.949999809265137,15.597500133514405,0.6306306306306306,-33.789955549038496,0,588.1038208007812,584.0246215820313,-1.0526494146641974,1.8619108591609868,1,low_vol_bull
2024-12-30,17.399999618530273,15.792000102996827,0.7488789237668162,-5.228763398188729,0,581.392578125,584.1792736816407,-1.1411663108467862,-0.49565522143824037,0,normal_bear
2024-12-31,17.350000381469727,15.992500114440919,0.7455357142857143,3.396899115015284,0,579.2774658203125,584.247490234375,-0.363801050145629,-1.4478038609349042,0,normal_bear
2025-01-02,17.93000030517578,16.224000120162962,0.7688888888888888,25.648211142283927,0,577.8541259765625,584.3061535644531,-0.2457095136152776,-2.7706611377160018,0,normal_bear
2025-01-03,16.1299991607666,16.358000087738038,0.6327433628318584,9.504410468689839,0,585.0792846679688,584.5154284667968,1.2503430133333104,-1.5615218730745561,1,low_vol_bull
2025-01-06,16.040000915527344,16.483000135421754,0.6299559471365639,0.5642702654449439,0,588.44970703125,584.8971215820312,0.576062501545227,0.05881380433776506,1,low_vol_bull
2025-01-07,17.81999969482422,16.73550009727478,0.7675438596491229,2.413793594838154,0,581.7977905273438,585.1211486816406,-1.1304137676379167,0.06969686535225339,0,normal_bear
2025-01-08,17.700000762939453,16.911000156402586,0.7641921397379913,2.0172932206015126,0,582.6478271484375,585.3661181640625,0.14610516487580938,0.5818215841267405,0,normal_bear
2025-01-10,19.540000915527344,17.179000186920167,0.8739130434782608,8.979367445335784,0,573.7523193359375,585.3979089355469,-1.5267383482807984,-0.7098342741246322,0,normal_bear
2025-01-13,19.190000534057617,17.459500217437743,0.8441558441558441,18.970871249230647,0,574.6419067382812,585.4289733886719,0.15504728649695654,-1.7839253932243837,0,normal_bear
2025-01-14,18.709999084472656,17.69900016784668,0.8211206896551724,16.64587292112092,0,575.4325561523438,585.5105249023437,0.13758993292889432,-2.2121093312422957,0,normal_bear
2025-01-15,16.1200008392334,17.814500188827516,0.6180257510729614,-9.539836614501073,0,585.8997192382812,586.0254284667968,1.8190078010056787,0.7050437072336546,0,normal_bear
2025-01-16,16.600000381469727,17.910000228881835,0.6816239316239316,-6.214691152855345,0,584.7728881835938,586.4705114746093,-0.19232490094934773,0.364724785048387,0,normal_bear
2025-01-17,15.970000267028809,17.915000247955323,0.6021276595744681,-18.270217406497945,0,590.6439819335938,587.0572485351563,1.0039955457300076,2.944068725893212,1,low_vol_bull
2025-01-21,15.0600004196167,17.287000226974488,0.4915254237288136,-21.521625844205506,0,596.0504760742188,587.6163720703125,0.9153558329547007,3.725549613576651,1,low_vol_bull
2025-01-22,15.100000381469727,16.837500238418578,0.4936708860759494,-19.29448893452299,0,599.4011840820312,587.9599890136719,0.5621517207538007,4.165323576746305,1,low_vol_bull
2025-01-23,15.020000457763672,16.670500230789184,0.4831932773109244,-6.823823351128544,0,602.6727294921875,588.2790026855469,0.5458022935284301,2.862778339561678,1,low_vol_bull
2025-01-24,14.850000381469727,16.574000215530397,0.4560669456066946,-10.54216843243867,0,600.913330078125,588.5119970703125,-0.29193280664033816,2.760121445552355,1,low_vol_bull
2025-01-27,17.899999618530273,16.755500173568727,0.7666666666666667,12.0851554115881,0,592.4132080078125,588.563759765625,-1.4145337846320327,0.29954187773602037,1,low_vol_bull
2025-01-28,16.40999984741211,16.839500188827515,0.6721991701244814,8.96413937702778,0,597.50341796875,588.7539709472657,0.8592330306164131,0.24376155256191634,1,low_vol_bull
2025-01-29,16.559999465942383,16.870000171661378,0.6797520661157025,9.668867864826836,0,594.8248901367188,588.8848974609375,-0.4482866125079421,-0.7634776284803246,1,low_vol_bull
2025-01-30,15.84000015258789,16.792000198364256,0.5679012345679012,5.459385285174001,0,598.0173950195312,589.1553283691406,0.5367133984724104,-0.772448170432205,1,low_vol_bull
2025-01-31,16.43000030517578,16.74600019454956,0.6721311475409836,10.639729852651225,0,594.8347778320312,589.5118383789063,-0.5321947511904845,-1.0115522392061926,1,low_vol_bull
2025-02-03,18.6200008392334,16.780500221252442,0.8244897959183674,4.022353274006618,0,590.831787109375,589.7410046386718,-0.6729584200247607,-0.2669455841059931,1,normal_bull
2025-02-04,17.209999084472656,16.834500217437743,0.7276422764227642,4.8750715691609825,0,594.7952880859375,590.0070825195312,0.6708340788422751,-0.4532409022895534,1,low_vol_bull
2025-02-05,15.770000457763672,16.821000194549562,0.5546558704453441,-4.77052556555595,0,597.2069091796875,590.3174523925782,0.40545396744997575,0.4004571904214105,1,low_vol_bull
2025-02-06,15.5,16.70500020980835,0.5362903225806451,-2.14646558909497,0,599.2825317382812,590.6068823242188,0.3475550142989503,0.21155517034896487,1,low_vol_bull
2025-02-07,16.540000915527344,16.647000217437743,0.6746987951807228,0.6695107018160451,0,593.7969360351562,590.7503479003906,-0.9153605207235849,-0.17447564190136156,1,low_vol_bull
2025-02-10,15.8100004196167,16.46050019264221,0.56,-15.091301251157141,0,597.82958984375,590.9346691894531,0.6791301139948969,1.1843984848228128,1,low_vol_bull
2025-02-11,16.020000457763672,16.302000188827513,0.601593625498008,-6.914576932096617,0,598.2842407226562,591.0666149902344,0.07605024686467843,0.5865804095298577,1,low_vol_bull
2025-02-12,15.890000343322754,16.16100025177002,0.5813492063492064,0.7609377430297215,0,596.3568725585938,591.1958715820313,-0.3221492449365648,-0.14233536284121717,1,low_vol_bull
2025-02-13,15.100000381469727,16.110000228881837,0.47023809523809523,-2.5806427001953125,0,602.6529541015625,591.3777600097657,1.0557573548127586,0.5624095789184658,1,low_vol_bull
2025-02-14,14.770000457763672,16.018500232696532,0.4246031746031746,-10.701332284099452,0,602.623291015625,591.5377758789062,-0.00492208421706275,1.4864264944516536,1,low_vol_bull
2025-02-18,15.350000381469727,15.98750023841858,0.5,-2.9095510812018333,0,604.392578125,591.7276611328125,0.29359753194955207,1.0978025164270155,1,low_vol_bull
2025-02-19,15.270000457763672,15.998000240325927,0.49206349206349204,-4.681647806299106,0,605.8157958984375,591.8721313476562,0.23547902885450167,1.258859027723025,1,low_vol_bull
2025-02-20,15.65999984741211,16.026000213623046,0.5436507936507936,-1.4474543168106035,0,603.29541015625,591.9858947753906,-0.41603169796021744,1.1634874882697988,1,low_vol_bull
2025-02-21,18.209999084472656,16.185500144958496,0.7996031746031746,20.596017380366604,0,592.9766235351562,591.870625,-1.710403634335833,-1.605622357038261,1,normal_bull
2025-02-24,18.979999542236328,16.392000102996825,0.8412698412698413,28.503716682417046,0,590.2782592773438,591.7630554199219,-0.45505406970778317,-2.048548723942556,0,normal_bear
2025-02-25,19.43000030517578,16.4685001373291,0.876984126984127,26.57980340268502,0,587.3427124023438,591.6338134765625,-0.4973157708016984,-2.8209919081981227,0,normal_bear
2025-02-26,19.100000381469727,16.603000164031982,0.8452380952380952,25.081858604390426,0,587.6392822265625,591.4186926269531,0.05049348837677936,-3.0003367021684935,0,normal_bear
2025-02-27,21.1299991607666,16.831500148773195,0.9444444444444444,34.929753299189436,1,578.2593383789062,591.0776391601562,-1.5962077640752192,-4.149886002092995,0,normal_bear
2025-02-28,19.6299991607666,17.021000099182128,0.8849206349206349,7.797914045502363,0,587.2833862304688,590.9194311523438,1.5605537606812492,-0.9601115927211468,0,normal_bear
2025-03-03,22.780000686645508,17.338500118255617,0.9682539682539683,20.02108132802116,1,576.9942626953125,590.5046105957031,-1.7519861410004944,-2.2504634675677093,0,normal_bear
2025-03-04,23.510000228881836,17.583000087738036,0.9761904761904762,20.99845527341151,1,570.1644897460938,590.0024499511719,-1.1836812583395306,-2.9247358132678314,0,normal_bear
2025-03-05,21.93000030517578,17.819000148773192,0.9484126984126984,14.816753231333113,1,576.2925415039062,589.9776733398437,1.0747866392979866,-1.9309023521476454,0,normal_bear
2025-03-06,24.8700008392334,18.27400016784668,0.9841269841269841,17.699961320448576,1,566.0625610351562,589.7518444824219,-1.7751367113052696,-2.1092227196784163,0,normal_bear
2025-03-07,23.3700008392334,18.66750020980835,0.9642857142857143,19.05248007316136,1,569.2353515625,589.4507788085938,0.5605017441078664,-3.0731389804522946,0,normal_bear
2025-03-10,27.860000610351562,19.23350019454956,0.996031746031746,22.30026238183629,1,554.0734252929688,588.7764978027344,-2.6635602001725878,-3.972454993793817,0,high_vol_bear
2025-03-11,26.920000076293945,19.78900017738342,0.9801587301587301,14.504465394359944,1,549.467529296875,587.87943359375,-0.8312789940536081,-3.629998153416314,0,high_vol_bear
2025-03-12,24.229999542236328,20.199500131607056,0.9722222222222222,10.487912471746363,0,552.3832397460938,587.0398913574219,0.5306429031302073,-4.148813325853262,0,normal_bear
2025-03-13,24.65999984741211,20.638000106811525,0.9722222222222222,-0.8443947918570394,0,545.0197143554688,586.1782092285156,-1.333046490333356,-3.717406542698487,0,normal_bear
2025-03-14,21.770000457763672,20.97150011062622,0.9166666666666666,-6.84638563976282,0,556.2775268554688,585.675908203125,2.065578951270286,-2.2763562859304476,0,normal_bear
2025-03-17,20.510000228881836,21.25850009918213,0.8809523809523809,-26.381910339006907,0,560.5671997070312,585.3017028808594,0.7711389808988445,1.1720061128412507,0,normal_bear
2025-03-18,21.700000762939453,21.576000118255614,0.9126984126984127,-19.39078491292904,0,554.50830078125,584.8347863769532,-1.0808514891609389,0.9173920596955876,0,normal_bear
2025-03-19,19.899999618530273,21.807500076293945,0.8472222222222222,-17.87040860714112,0,560.54736328125,584.3441479492187,1.089084237601412,1.4779817611607626,0,normal_bear
2025-03-20,19.799999237060547,22.014500045776366,0.8392857142857143,-19.708031794094218,0,558.9264526367188,583.7536828613281,-0.28916568888006644,2.551602798019137,0,normal_bear
2025-03-21,19.280000686645508,22.06800012588501,0.8055555555555556,-11.437757091227684,0,559.11083984375,583.2999438476562,0.032989529509896975,0.5093344331735583,0,normal_bear
2025-03-24,17.479999542236328,21.99300012588501,0.6626984126984127,-14.77328450917671,0,569.1235961914062,583.0294592285156,1.7908356687297289,1.5263819375887167,0,normal_bear
2025-03-25,17.149999618530273,21.879000091552733,0.6388888888888888,-20.967746472064373,0,570.4917602539062,582.964248046875,0.24039840759648712,2.8824563041052853,0,normal_bear
2025-03-26,18.329999923706055,21.84050006866455,0.7261904761904762,-7.889445853869681,0,563.6810913085938,582.7450317382812,-1.1938242442417257,0.5590478579722502,0,normal_bear
2025-03-27,18.690000534057617,21.7185001373291,0.75,-5.606054271584493,0,562.1840209960938,582.4800610351563,-0.2655881730970533,0.5828259414109915,0,normal_bear
2025-03-28,21.649999618530273,21.819500160217284,0.9087301587301587,12.292525142524347,0,550.8626708984375,581.7793200683594,-2.013815703547883,-1.475229660655042,0,normal_bear
2025-03-31,22.280000686645508,21.794500160217286,0.9285714285714286,27.459961499490326,0,554.5604858398438,581.1750720214844,0.6712770962271408,-2.558866026469353,0,normal_bear
2025-04-01,21.770000457763672,21.707500171661376,0.9107142857142857,26.93878100289617,0,556.1268310546875,580.4847290039063,0.2824480385528405,-2.5179906529807616,0,normal_bear
2025-04-02,21.510000228881836,21.68650016784668,0.8968253968253969,17.348610575077572,0,559.6461791992188,579.7566430664062,0.632831927540134,-0.7158146994088233,0,normal_bear
2025-04-03,30.020000457763672,21.944000148773192,0.996031746031746,60.62065061507145,1,532.06640625,578.4099475097656,-4.928073124466215,-5.357252006688218,0,high_vol_bear
2025-04-04,45.310001373291016,23.041000175476075,1.0,109.28407469582635,1,500.9176330566406,576.3748455810547,-5.854301799073481,-9.066694927855302,0,high_vol_bear
2025-04-07,46.97999954223633,23.99700012207031,1.0,110.86175087236798,1,500.025390625,574.3570867919922,-0.1781215858176255,-9.833930943033941,0,high_vol_bear
2025-04-08,52.33000183105469,25.26750020980835,1.0,140.3766684919505,1,492.193603515625,572.3526947021485,-1.5662778843261838,-11.496159503366155,0,high_vol_bear
2025-04-09,33.619998931884766,25.73700017929077,0.9841269841269841,56.29938900113367,1,543.8834838867188,571.2802960205078,10.501940700140121,-2.8165465785997768,0,high_vol_bear
2025-04-10,40.720001220703125,26.540000247955323,0.9880952380952381,35.64290672811183,1,520.051025390625,569.784818725586,-4.381905169427358,-2.258248353633019,0,high_vol_bear
2025-04-11,37.560001373291016,27.32950029373169,0.9801587301587301,-17.104391448040012,1,529.3302612304688,568.4110760498047,1.784293345614274,5.672115792860377,0,high_vol_bear
2025-04-14,30.889999389648438,27.84850025177002,0.9722222222222222,-34.24861709102941,0,534.4654541015625,567.2036895751953,0.970130228178645,6.887662931179284,0,high_vol_bear
2025-04-15,30.1200008392334,28.269500255584717,0.9682539682539683,-42.44219418054941,0,532.9684448242188,566.0464227294922,-0.2800946751292277,8.284309470368667,0,high_vol_bear
2025-04-16,32.63999938964844,28.906500244140624,0.9722222222222222,-2.9149303193668707,0,521.1216430664062,564.5729498291016,-2.2227960909993016,-4.185058288155963,0,high_vol_bear
2025-04-17,29.649999618530273,29.399000263214113,0.9563492063492064,-27.185661272879745,0,521.8651733398438,563.0661151123047,0.14267883196374953,0.3488403753951097,0,high_vol_bear
2025-04-21,33.81999969482422,30.126000213623048,0.9761904761904762,-9.957405595640678,0,509.443359375,561.2693316650391,-2.380272645010273,-3.7569931878143725,0,high_vol_bear
2025-04-22,30.56999969482422,30.780500221252442,0.9603174603174603,-1.0359329917353555,0,522.697998046875,559.8473529052734,2.601788486974521,-2.2017243517578944,0,high_vol_bear
2025-04-23,28.450000762939453,31.3455002784729,0.9444444444444444,-5.544488810633275,0,530.79736328125,558.5067083740234,1.5495305634686263,-0.4073564887476233,0,high_vol_bear
2025-04-24,26.469999313354492,31.75250024795532,0.9206349206349206,-18.90318686173358,0,541.9700927734375,557.3804254150391,2.104895439404708,4.000687744295917,0,high_vol_bear
2025-04-25,24.84000015258789,32.06000022888183,0.9126984126984127,-16.222595372096706,0,545.8860473632812,556.3710089111328,0.722540716186848,4.602888878310885,0,normal_bear
2025-04-28,25.149999618530273,32.23500022888184,0.9166666666666666,-25.635718966670463,0,546.09423828125,555.2398345947265,0.03813816436128992,7.194299077961164,0,high_vol_bear
2025-04-29,24.170000076293945,32.32950019836426,0.8968253968253969,-20.935556697482895,0,549.5342407226562,554.1780535888672,0.629928353068343,5.13417743631277,0,normal_bear
2025-04-30,24.700000762939453,32.476000213623045,0.9047619047619048,-13.181018978688241,0,549.7523193359375,553.085248413086,0.03968426298504024,3.57103432796142,0,normal_bear
2025-05-01,24.600000381469727,32.63050022125244,0.8968253968253969,-7.064597583655107,0,553.6484375,552.0419012451172,0.7087042704555957,2.1547950490774515,1,normal_bull
2025-05-02,22.68000030517578,32.26350021362305,0.8571428571428571,-8.695651506214164,0,561.8668823242188,551.2133306884766,1.484415789436544,2.9275038331035397,1,normal_bull
2025-05-05,23.639999389648438,31.18000011444092,0.876984126984127,-6.003977144275119,0,558.6448974609375,550.5266961669922,-0.5734427432265043,2.2982588534881554,1,normal_bull
2025-05-06,24.760000228881836,30.069000148773192,0.9047619047619048,2.4410432384175618,0,553.9755859375,549.8006427001953,-0.8358281879347174,0.8082017253380203,1,normal_bull
2025-05-07,23.549999237060547,28.630000019073485,0.8690476190476191,-4.65587647917971,0,556.3052978515625,549.1798944091797,0.42054414909276083,1.191987425089991,1,normal_bull
2025-05-08,22.479999542236328,28.073000049591066,0.8373015873015873,-8.617889456742923,0,560.1815185546875,548.6307391357421,0.6967793975888537,1.1800053268799404,1,normal_bull
2025-05-09,21.899999618530273,27.131999969482422,0.8174603174603174,-3.439156420414613,0,559.4677734375,548.2549078369141,-0.12741318546691804,-0.4269888406297606,1,normal_bull
2025-05-12,18.389999389648438,26.173499870300294,0.623015873015873,-22.208122400793663,0,577.9567260742188,548.0683746337891,3.304739524694744,3.4569059345309183,1,normal_bull
2025-05-13,18.219999313354492,25.539999866485594,0.6031746031746031,-26.413573728075413,0,581.7734375,548.1639581298828,0.6603801380955066,5.017883868556661,1,normal_bull
2025-05-14,18.6200008392334,24.964999866485595,0.6329365079365079,-20.934176465147512,0,582.5169677734375,548.4110076904296,0.1278040944310943,4.7117419199680155,1,normal_bull
2025-05-15,17.829999923706055,24.224499893188476,0.5674603174603174,-20.685052105066404,0,585.3622436523438,548.5924017333984,0.4884451503244236,4.495101009869895,1,low_vol_bull
2025-05-16,17.239999771118164,23.603999900817872,0.5277777777777778,-21.278538486681697,0,589.0699462890625,549.0525494384766,0.6334031066959067,5.29113101004548,1,low_vol_bull
2025-05-19,18.139999389648438,22.81999988555908,0.5873015873015873,-1.3594345203770009,0,589.71435546875,549.4621295166015,0.10939433996710601,2.0343442448356175,1,normal_bull
2025-05-20,18.09000015258789,22.195999908447266,0.5793650793650794,-0.7134970673205121,0,587.7315673828125,550.1352923583985,-0.3362285600731929,1.0241323337854435,1,normal_bull
2025-05-21,20.8700008392334,21.816999912261963,0.7738095238095238,12.083780336137906,0,577.8278198242188,550.7024981689453,-1.6850800787671538,-0.8049804913223602,1,normal_bull
2025-05-22,20.280000686645508,21.507499980926514,0.7261904761904762,13.740890484705105,0,578.0558471679688,551.2159503173829,0.03946285310723052,-1.2481837637472237,1,normal_bull
2025-05-23,22.290000915527344,21.380000019073485,0.8293650793650794,29.29235041446665,0,574.1102294921875,551.7977606201172,-0.6825668653144379,-2.539548468075148,1,normal_bull
2025-05-27,18.959999084472656,21.070499992370607,0.6349206349206349,4.520395382660003,0,586.0462646484375,552.3931353759766,2.0790493781669195,-0.6220114511875541,1,normal_bull
2025-05-28,19.309999465942383,20.82749996185303,0.6746031746031746,6.7440536377218585,0,582.65576171875,552.8349066162109,-0.5785384421350126,-0.8636265168919244,1,normal_bull
2025-05-29,19.18000030517578,20.551499938964845,0.6507936507936508,-8.097750196926656,0,584.9557495117188,553.4438555908204,0.3947421349072666,1.2335732969154023,1,normal_bull
2025-05-30,18.56999969482422,20.249999904632567,0.5992063492063492,-8.431957267868018,0,584.301513671875,553.9189385986328,-0.11184364635955513,1.080460743456757,1,normal_bull
2025-06-02,18.360000610351562,20.033999919891357,0.5813492063492064,-17.631225409408213,0,587.5928955078125,554.4922674560547,0.5633019526603222,2.348445528927545,1,normal_bull
2025-06-03,17.690000534057617,19.736499977111816,0.5119047619047619,-6.698304914239728,0,590.943603515625,555.1289227294922,0.5702431110772288,0.8356573810986312,1,low_vol_bull
2025-06-04,17.610000610351562,19.378999996185303,0.501984126984127,-8.803722954985883,0,590.7850341796875,555.5621514892578,-0.026833243476054314,1.395210172977146,1,low_vol_bull
2025-06-05,18.479999542236328,19.125500011444093,0.5952380952380952,-3.6496389562129194,0,587.9298095703125,555.910912475586,-0.4832933206135648,0.5084247929995289,1,normal_bull
2025-06-06,16.770000457763672,18.840000057220458,0.4365079365079365,-9.693049362635353,0,593.96728515625,556.5166363525391,1.0269041453009553,1.6542437865055826,1,low_vol_bull
2025-06-09,17.15999984741211,18.60300006866455,0.4662698412698413,-6.535951650583716,0,594.5026245117188,557.1630084228516,0.0901294345408088,1.1759381464159224,1,low_vol_bull
2025-06-10,16.950000762939453,18.5310001373291,0.44047619047619047,-4.183152904339837,0,597.8733520507812,558.1032220458984,0.5669827852872844,1.1726581849655249,1,low_vol_bull
2025-06-11,17.260000228881836,18.483000183105467,0.47619047619047616,-1.9875091955646407,0,596.1680908203125,558.9353741455078,-0.2852211466892629,0.911170109124293,1,low_vol_bull
2025-06-12,18.020000457763672,18.453000164031984,0.5317460317460317,-2.4891725966838973,0,598.5374145507812,559.7835858154297,0.397425452141964,1.8042298260435796,1,normal_bull
2025-06-13,20.81999969482422,18.60250015258789,0.7619047619047619,24.15026312766497,0,591.8457641601562,560.4275775146484,-1.11800035017815,-0.3571780886106657,1,normal_bull
2025-06-16,19.110000610351562,18.696000194549562,0.6408730158730159,11.363640910716732,0,597.4767456054688,561.7357843017578,0.951427176859676,0.5002704733545471,1,normal_bull
2025-06-17,21.600000381469727,18.869000244140626,0.7896825396825397,27.43362483320546,0,592.3712158203125,563.5648559570312,-0.8545152297069647,-0.920284573914476,1,normal_bull
2025-06-18,20.139999389648438,18.971500205993653,0.7103174603174603,16.685974058953867,0,592.2819213867188,565.4099865722657,-0.015074066937925679,-0.6518580067320423,1,normal_bull
2025-06-20,20.6200008392334,18.959000205993654,0.7420634920634921,14.428414624981611,0,590.8909301757812,567.3839331054687,-0.23485289027238565,-1.2775282194746218,1,normal_bull
2025-06-23,19.829999923706055,18.93650016784668,0.6944444444444444,-4.7550421980278585,0,596.7274780273438,568.4408129882812,0.9877538397528252,0.8248287244422059,1,normal_bull
2025-06-24,17.479999542236328,18.69600009918213,0.4583333333333333,-8.529570989298085,0,603.3196411132812,570.1061853027344,1.1047192108078807,0.9779285220366862,1,low_vol_bull
2025-06-25,16.760000228881836,18.586000156402587,0.3888888888888889,-22.407407718103766,0,603.65771484375,571.592734375,0.056035591655012595,1.9053084825885858,1,low_vol_bull
2025-06-26,16.59000015258789,18.450000190734862,0.373015873015873,-17.626610450073677,0,608.380615234375,573.0710375976563,0.7823805236792936,2.7180795608219954,1,low_vol_bull
2025-06-27,16.31999969482422,18.307000160217285,0.32936507936507936,-20.853544953439695,0,611.4032592773438,574.6397338867188,0.49683437757206406,3.4714239217481957,1,low_vol_bull
2025-06-30,16.729999542236328,18.21500015258789,0.38293650793650796,-15.632881459388138,0,614.3265380859375,576.5038317871093,0.4781261408467019,2.9492625539505157,1,low_vol_bull
2025-07-01,16.829999923706055,18.138500118255614,0.3968253968253968,-3.7185333841668666,0,614.127685546875,578.34908203125,-0.03236919239759661,1.7914292353635508,1,low_vol_bull
2025-07-02,16.639999389648438,18.086000061035158,0.373015873015873,-0.7159954510418509,0,616.9116821289062,580.4984484863281,0.4533253666217929,2.195609690598732,1,low_vol_bull
2025-07-03,16.3799991607666,18.02449998855591,0.32936507936507936,-1.2658287515960653,0,621.7738037109375,582.4799645996094,0.7881390031799329,2.2014489188487474,1,low_vol_bull
2025-07-07,17.790000915527344,17.99000005722046,0.4880952380952381,9.007360589408142,0,617.140380859375,584.2068249511718,-0.7451942851096072,0.9383531237324938,1,low_vol_bull
2025-07-08,16.809999465942383,17.992000007629393,0.3888888888888889,0.47818246201434267,0,616.8023681640625,585.7034704589844,-0.05477079539696339,0.4030153224112709,1,low_vol_bull
2025-07-09,15.9399995803833,17.930999994277954,0.25396825396825395,-5.288177940328664,0,620.5010986328125,587.195771484375,0.5996621705197658,1.0377993430245702,1,low_vol_bull
2025-07-10,15.779999732971191,17.87249994277954,0.21825396825396826,-5.16826735710244,0,622.2510986328125,588.7189086914062,0.2820301211159615,0.8655074394896323,1,low_vol_bull
2025-07-11,16.399999618530273,17.829499912261962,0.3253968253968254,0.12210292300611769,0,620.0635986328125,590.1294958496094,-0.3515461852628743,-0.27505261043774265,1,low_vol_bull
2025-07-14,17.200000762939453,17.788499927520753,0.42857142857142855,-3.3164706139668043,0,621.2467651367188,591.559384765625,0.19081373370650745,0.6653890111072647,1,low_vol_bull
2025-07-15,17.3799991607666,17.61649990081787,0.4444444444444444,3.3908370787224307,0,618.592041015625,592.8582568359375,-0.427322003118924,0.2901533690425895,1,low_vol_bull
2025-07-16,17.15999984741211,17.5189998626709,0.4166666666666667,7.653703256869671,0,620.66015625,594.0341223144532,0.33432619517372864,0.025633736594166123,1,low_vol_bull
2025-07-17,16.520000457763672,17.264999866485596,0.32341269841269843,4.689485027343188,0,624.4583740234375,595.3503918457031,0.6119641699551259,0.3547242255537597,1,low_vol_bull
2025-07-18,16.40999984741211,17.07849988937378,0.3115079365079365,0.060977006795392974,0,624.0010375976562,596.7509008789062,-0.07323729567987325,0.6350056628909417,1,low_vol_bull
2025-07-21,16.649999618530273,16.879999828338622,0.3531746031746032,-3.197680930307034,0,625.1842651367188,598.1284802246093,0.189619482624237,0.6338061171446752,1,low_vol_bull
2025-07-22,16.5,16.71349983215332,0.3134920634920635,-5.063286555002266,0,625.2737426757812,599.4303247070312,0.014312186670739635,1.0801467230625805,1,low_vol_bull
2025-07-23,15.369999885559082,16.60799984931946,0.15674603174603174,-10.431235301688979,0,630.59326171875,600.8528344726562,0.8507504281572098,1.600409719993201,1,low_vol_bull
2025-07-24,15.390000343322754,16.539499855041505,0.16071428571428573,-6.8401942078026305,0,630.802001953125,601.9097399902344,0.03310219868288833,1.0158608153198356,1,low_vol_bull
2025-07-25,14.930000305175781,16.4564998626709,0.0992063492063492,-9.018888214491527,0,633.4667358398438,602.9436059570312,0.42243586394272725,1.5169362984762902,1,low_vol_bull
2025-07-28,15.029999732971191,16.391999864578246,0.11904761904761904,-9.729729265315633,0,633.3076782226562,603.9594201660157,-0.02510907174575472,1.2993630100656794,1,low_vol_bull
2025-07-29,15.979999542236328,16.354499864578248,0.24206349206349206,-3.1515179258404302,0,631.63720703125,604.8849194335937,-0.2637692939542968,1.0177085524552876,1,low_vol_bull
2025-07-30,15.479999542236328,16.28699984550476,0.17857142857142858,0.7156776675099064,0,630.841796875,605.7203564453125,-0.12592832521511887,0.039412910244651655,1,low_vol_bull
2025-07-31,16.719999313354492,16.290999841690063,0.3611111111111111,8.641968423404123,0,628.4754028320312,606.4955773925781,-0.37511687632163504,-0.3688319177634236,1,low_vol_bull
2025-08-01,20.3799991607666,16.490999841690062,0.7222222222222222,36.50367544668749,1,618.1743774414062,607.10443359375,-1.6390498886999505,-2.4140744151566307,1,normal_bull
2025-08-04,17.520000457763672,16.47749981880188,0.4642857142857143,16.5668713841038,0,627.5704956054688,608.099287109375,1.5199785864552506,-0.9059076361253915,1,low_vol_bull
2025-08-05,17.850000381469727,16.52949986457825,0.503968253968254,11.702133246567659,0,624.3887329101562,609.0259448242188,-0.5069968581366768,-1.1475692122638215,1,low_vol_bull
2025-08-06,16.770000457763672,16.570999908447266,0.375,8.333339494020308,0,629.17138671875,610.12716796875,0.7659737526496846,-0.2647906598016614,1,low_vol_bull
2025-08-07,16.56999969482422,16.610499906539918,0.3412698412698413,-0.8971269419279615,0,628.6443481445312,610.9791296386719,-0.08376709197908117,0.02688177003247194,1,low_vol_bull
2025-08-08,15.149999618530273,16.547999906539918,0.1349206349206349,-25.662412942119083,0,633.5462646484375,611.9969396972656,0.7797598941873041,2.4866587435497856,1,low_vol_bull
2025-08-11,16.25,16.500499868392943,0.2857142857142857,-7.248860870896234,0,632.29345703125,612.9436938476563,-0.19774524562664597,0.7525786280351943,1,low_vol_bull
2025-08-12,14.729999542236328,16.367999887466432,0.08531746031746032,-17.47899592468527,0,639.02490234375,614.0381616210938,1.064607776285631,2.34407968340129,1,low_vol_bull
2025-08-13,14.489999771118164,16.234499883651733,0.06746031746031746,-13.595710342333245,0,641.2123413085938,615.1105505371094,0.3423088766683291,1.913779749686273,1,low_vol_bull
2025-08-14,14.829999923706055,16.149999856948853,0.10317460317460317,-10.500904062549065,0,641.27197265625,616.1171179199218,0.009299781650273786,2.008707236291829,1,low_vol_bull
2025-08-15,15.09000015258789,16.08399987220764,0.1388888888888889,-0.3960360887996117,0,639.7706298828125,617.0968298339844,-0.2341195058344292,0.9824641990161531,1,low_vol_bull
2025-08-18,14.989999771118164,16.000999879837035,0.12301587301587301,-7.753847562349758,0,639.63134765625,618.1308605957031,-0.02177065030134484,1.1605197781822563,1,low_vol_bull
2025-08-19,15.569999694824219,15.954499864578247,0.20634920634920634,5.702648870960925,0,636.1612548828125,618.9747399902344,-0.5425144946620719,-0.4481276786608035,1,low_vol_bull
2025-08-20,15.6899995803833,15.970499849319458,0.21825396825396826,8.281572313458607,0,634.470947265625,619.7741064453126,-0.26570426982367445,-1.0513512620812682,1,low_vol_bull
2025-08-21,16.600000381469727,16.030999851226806,0.37103174603174605,11.935269500131884,0,631.925537109375,620.4551501464844,-0.40118624299819716,-1.4574838672834267,1,low_vol_bull
2025-08-22,14.220000267028809,15.995499849319458,0.05952380952380952,-5.765406737983891,0,641.6299438476562,621.3643872070312,1.5356883316778536,0.2906219632470952,1,low_vol_bull
2025-08-25,14.789999961853027,15.98349986076355,0.0992063492063492,-1.3342215631682919,0,638.8060302734375,622.1697595214844,-0.4401156151292773,-0.12903016492806785,1,low_vol_bull
2025-08-26,14.619999885559082,15.915499877929687,0.07936507936507936,-6.1014760943183255,0,641.4807739257812,623.1624597167969,0.4187098314019977,0.8361903530180737,1,low_vol_bull
2025-08-27,14.850000381469727,15.883999919891357,0.1130952380952381,-5.353723526951515,0,642.9423828125,624.0717724609375,0.22784921171898898,1.3351967624970484,1,low_vol_bull
2025-08-28,14.430000305175781,15.769499969482421,0.07142857142857142,-13.072289315826014,0,645.2192993164062,625.1287341308594,0.354140054346086,2.1036912462568003,1,low_vol_bull
2025-08-29,15.359999656677246,15.518499994277954,0.1865079365079365,8.016873194381692,0,641.3713989257812,626.1105236816406,-0.5963709384858351,-0.040295021196268266,1,low_vol_bull
2025-09-02,17.170000076293945,15.500999975204468,0.4603174603174603,16.0919548382658,0,636.61865234375,627.025078125,-0.7410287689771478,-0.3424166062977241,1,low_vol_bull
2025-09-03,16.350000381469727,15.425999975204467,0.3194444444444444,11.833108819784965,0,640.06884765625,627.8919055175782,0.5419563658397131,-0.22010422243685657,1,low_vol_bull
2025-09-04,15.300000190734863,15.352499961853027,0.17857142857142858,3.0303016680501837,0,645.4181518554688,628.7338757324219,0.8357388769671292,0.38506857055196075,1,low_vol_bull
2025-09-05,15.180000305175781,15.282999992370605,0.16666666666666666,5.197505087584697,0,643.5488891601562,629.53169921875,-0.2896204096427546,-0.25889029637206074,1,low_vol_bull
2025-09-08,15.109999656677246,15.280999994277954,0.1626984126984127,-1.627604203046451,0,645.1298217773438,630.2666833496094,0.2456585107699638,0.5859978879409589,1,low_vol_bull
2025-09-09,15.039999961853027,15.220499992370605,0.14682539682539683,-12.405358794271294,0,646.6212768554688,630.9710437011719,0.23118681353406778,1.571211348409829,1,low_vol_bull
2025-09-10,15.350000381469727,15.251500034332276,0.19642857142857142,-6.116207808370144,0,648.4906005859375,631.6543249511719,0.2890909713888945,1.3157573533730815,1,low_vol_bull
2025-09-11,14.710000038146973,15.262500047683716,0.09325396825396826,-3.8562100995604753,0,653.8796997070312,632.449365234375,0.8310219325036394,1.3110179543660117,1,low_vol_bull
2025-09-12,14.760000228881836,15.259000062942505,0.10714285714285714,-2.766798865944309,0,653.660888671875,633.1843493652344,-0.03346350028212708,1.5712869188407863,1,low_vol_bull
2025-09-15,15.6899995803833,15.289000034332275,0.25595238095238093,3.8385171203478397,0,657.1409301757812,633.8916918945313,0.5323924934497848,1.8618126139862357,1,low_vol_bull
2025-09-16,16.360000610351562,15.357500076293945,0.3531746031746032,8.776600078766904,0,656.2361450195312,634.6736071777344,-0.13768510142991852,1.486939652035546,1,low_vol_bull
2025-09-17,15.720000267028809,15.365000104904174,0.2619047619047619,2.4104226473228074,0,655.4208374023438,635.4459765625,-0.12423997418844479,1.0686718990444044,1,low_vol_bull
2025-09-18,15.699999809265137,15.365500116348267,0.2619047619047619,6.730113994227249,0,658.4832763671875,636.2056201171876,0.4672477269690223,0.7040403092830161,1,low_vol_bull
2025-09-19,15.449999809265137,15.308000087738037,0.23412698412698413,4.674793832544366,0,661.74462890625,636.9954907226562,0.49528251606558715,1.2366871529976065,1,low_vol_bull
2025-09-22,16.100000381469727,15.402000093460083,0.3253968253968254,2.6131345573714215,0,664.8753662109375,637.8917260742187,0.4731035459799804,1.176982847969521,1,low_vol_bull
2025-09-23,16.639999389648438,15.494500064849854,0.4226190476190476,1.711483917180967,0,661.256103515625,638.6919128417969,-0.5443520514135325,0.7649622066983719,1,low_vol_bull
2025-09-24,16.18000030517578,15.572500085830688,0.3412698412698413,2.92620884435848,0,659.1522216796875,639.5031164550782,-0.318164448653413,0.5693112065421113,1,low_vol_bull
2025-09-25,16.739999771118164,15.66700005531311,0.44047619047619047,6.6242036591572795,0,656.1112670898438,640.212138671875,-0.46134329671143615,-0.3602231616921192,1,low_vol_bull
2025-09-26,15.289999961853027,15.710000038146973,0.1984126984126984,-1.0355977306624964,0,659.8701782226562,640.9203747558594,0.5729075724434596,-0.2832589191833601,1,low_vol_bull
2025-09-29,16.1200008392334,15.74800009727478,0.32341269841269843,0.12422644279370676,0,661.7246704101562,641.6748474121093,0.2810389450384143,-0.4738776560089364,1,low_vol_bull
2025-09-30,16.280000686645508,15.703500127792358,0.34523809523809523,-2.163453823363004,0,664.21728515625,642.4555078125,0.376684572535102,0.447811615632987,1,low_vol_bull
2025-10-01,16.290000915527344,15.70050015449524,0.3492063492063492,0.679855428163223,0,666.4806518554688,643.2796459960938,0.3407569706178837,1.1117963248468588,1,low_vol_bull
2025-10-02,16.6299991607666,15.767000102996827,0.42063492063492064,-0.6571123766760611,0,667.248291015625,644.0127465820312,0.11517801124745208,1.6974291533170982,1,low_vol_bull
2025-10-03,16.649999618530273,15.84050006866455,0.43452380952380953,8.894700196666472,0,667.2384033203125,644.741474609375,-0.0014818614668121732,1.1166173803311308,1,low_vol_bull
2025-10-06,16.3700008392334,15.903500127792359,0.36904761904761907,1.5508684056116273,0,669.6312866210938,645.464765625,0.3586249365854499,1.1948498468459245,1,low_vol_bull
2025-10-07,17.239999771118164,16.013500118255614,0.5178571428571429,5.8968000244628005,0,667.1486206054688,646.1415844726563,-0.3707511977453004,0.441321765441427,1,low_vol_bull
2025-10-08,16.299999237060547,16.061000061035156,0.3531746031746032,0.061377047091948356,0,671.1268920898438,646.9313781738281,0.5963096319924199,0.6971305500677261,1,low_vol_bull
2025-10-09,16.43000030517578,16.147000074386597,0.3948412698412698,-1.2026389999023945,0,669.1826171875,647.6981945800782,-0.2897030241612586,0.2898960099142034,1,low_vol_bull
2025-10-10,21.65999984741211,16.49200005531311,0.8214285714285714,30.090092154152725,1,651.0960693359375,648.1506079101563,-2.7027820787662193,-2.4192753150969026,1,normal_bull
2025-10-13,19.030000686645508,16.65900011062622,0.6746031746031746,16.249234642902287,0,661.0865478515625,649.0088513183593,1.5344092809244536,-1.276036371097189,1,normal_bull
2025-10-14,20.809999465942383,16.881500053405762,0.7936507936507936,20.707655117287004,1,660.2789306640625,649.6630200195312,-0.12216512196846496,-1.0297090826886013,1,normal_bull
2025-10-15,20.639999389648438,17.127500009536742,0.7876984126984127,26.625769053536132,1,663.2102661132812,650.4394506835938,0.4439541098594013,-1.179601960504173,1,normal_bull
2025-10-16,25.309999465942383,17.607999992370605,0.9285714285714286,54.047468020857096,1,658.6936645507812,651.0298962402344,-0.6810210567109287,-1.5674275403032234,1,high_vol_bull
2025-10-17,20.780000686645508,17.874500036239624,0.7857142857142857,-4.062784704367129,0,662.4326171875,651.7056616210938,0.5676314860669995,1.7411482552989188,1,normal_bull
2025-10-20,18.229999542236328,17.980999994277955,0.623015873015873,-4.20389445897702,0,669.3222045898438,652.4211804199218,1.040043503835153,1.2457758768569693,1,normal_bull
2025-10-21,17.8700008392334,18.042500066757203,0.5873015873015873,-14.127816925322767,0,669.3121948242188,653.1615551757812,-0.0014955077773270986,1.368098199206691,1,low_vol_bull
2025-10-22,18.600000381469727,18.1635000705719,0.6547619047619048,-9.883716417171161,0,665.83251953125,653.6977075195313,-0.5198882255361581,0.3953879413442163,1,normal_bull
2025-10-23,17.299999237060547,18.19150004386902,0.5357142857142857,-31.647571702481635,0,669.7808837890625,654.2690783691406,0.5929966083050742,1.6832132803102917,1,low_vol_bull
2025-10-24,16.3700008392334,18.245500087738037,0.375,-21.222327727093116,0,675.2546997070312,654.9487329101562,0.8172547247097484,1.9356055524515359,1,low_vol_bull
2025-10-27,15.789999961853027,18.229000043869018,0.27380952380952384,-13.384529027168469,0,683.2211303710938,655.8177429199219,1.1797667854098304,2.0765672625140397,1,low_vol_bull
2025-10-28,16.420000076293945,18.23600001335144,0.4007936507936508,-8.114161694698929,0,685.0357666015625,656.7258312988281,0.26560013292959983,2.349213401299699,1,low_vol_bull
2025-10-29,16.920000076293945,18.26749997138977,0.503968253968254,-9.032259520002395,0,685.3648071289062,657.70990234375,0.04803260550556576,2.9335136126134476,1,low_vol_bull
2025-10-30,16.90999984741211,18.281500005722044,0.503968253968254,-2.2543318314891536,0,677.8270874023438,658.5770251464844,-1.0998113191920567,1.2013187906711353,1,low_vol_bull
2025-10-31,17.440000534057617,18.321000051498412,0.5714285714285714,6.536344776841974,0,680.050537109375,659.5395251464844,0.3280260922519762,0.7102264381757761,1,low_vol_bull
2025-11-03,17.170000076293945,18.36100001335144,0.5337301587301587,8.739709422259988,0,681.3267822265625,660.3334619140625,0.18766915803232198,-0.2772672068122817,1,low_vol_bull
2025-11-04,19.0,18.44900002479553,0.7063492063492064,15.712545138357692,0,673.2506103515625,661.022353515625,-1.1853595199365574,-1.7203709389461141,1,normal_bull
2025-11-05,18.010000228881836,18.534500074386596,0.6309523809523809,6.4420812510223024,0,675.583740234375,661.7044128417969,0.34654701339136285,-1.4271329360352691,1,normal_bull
2025-11-06,19.5,18.68800005912781,0.746031746031746,15.316381880300622,0,668.3351440429688,662.2122680664063,-1.072938225080955,-1.4003487815382631,1,normal_bull
2025-11-07,19.079999923706055,18.559000062942506,0.7182539682539683,9.403665937083971,0,668.9931640625,662.6877453613281,0.09845659403016072,-1.6259634311702076,1,normal_bull
2025-11-10,17.600000381469727,18.487500047683717,0.5873015873015873,2.504369850117061,0,679.432373046875,663.44896484375,1.560435822838957,-0.27804707360785663,1,low_vol_bull
2025-11-11,17.280000686645508,18.311000108718872,0.5515873015873016,-9.05262796502364,0,680.9877319335938,664.3363464355468,0.22892033827353053,1.1492186509851177,1,low_vol_bull
2025-11-12,17.510000228881836,18.15450015068054,0.5793650793650794,-2.7762353894819625,0,681.3666381835938,665.1623022460938,0.055640686642632886,0.8559853656650462,1,low_vol_bull
2025-11-13,20.0,17.889000177383423,0.7698412698412699,2.564102564102555,0,670.0599975585938,665.6551391601563,-1.6594062566875234,0.25808212107338857,1,normal_bull
2025-11-14,19.829999923706055,17.84150013923645,0.7599206349206349,3.9308176257808025,0,669.9503784179688,666.1831689453124,-0.016359600785664785,0.1430828305712506,1,normal_bull
2025-11-17,22.3799991607666,18.049000120162965,0.8571428571428571,27.15908338462043,1,663.7088012695312,666.5547485351562,-0.9316476786200845,-2.3142217534958376,0,normal_bear
2025-11-18,24.690000534057617,18.390000104904175,0.9047619047619048,42.88194185743739,1,658.1353149414062,666.785029296875,-0.8397487448507768,-3.3557751366974586,0,normal_bear
2025-11-19,23.65999984741211,18.643000078201293,0.8809523809523809,35.1227843411799,1,660.6777954101562,667.0287731933594,0.38631576379948296,-3.036374488277027,0,normal_bear
2025-11-20,26.420000076293945,19.099000120162962,0.9285714285714286,32.10000038146972,1,650.6075439453125,666.963330078125,-1.524230348712119,-2.9030913178159423,0,high_vol_bear
2025-11-21,23.43000030517578,19.452000093460082,0.8611111111111112,18.154313642563636,1,657.08837890625,667.0318798828125,0.9961204755846165,-1.9198436072371927,0,normal_bear
2025-11-24,20.520000457763672,19.688500118255615,0.7658730158730159,-8.310986473420478,0,666.759765625,667.2242565917969,1.4718547807599958,0.4596841792112727,0,normal_bear
2025-11-25,18.559999465942383,19.795500087738038,0.6428571428571429,-24.827869321669127,0,673.03125,667.5601586914063,0.9405913041440561,2.2633544683618556,1,normal_bull
2025-11-26,17.190000534057617,19.809000110626222,0.4880952380952381,-27.345728466106344,0,677.6775512695312,668.00529296875,0.6903544626688962,2.573078129380968,1,low_vol_bull
2025-11-28,16.350000381469727,19.7810001373291,0.32341269841269843,-38.11506308003305,0,681.3765869140625,668.4631591796875,0.5458400735868674,4.72927854204781,1,low_vol_bull
2025-12-01,17.239999771118164,19.771000099182128,0.5,-26.4191227205841,0,678.2658081054688,668.7935827636719,-0.4565432491131505,3.222919454833373,1,low_vol_bull
2025-12-02,16.59000015258789,19.742000102996826,0.38293650793650796,-19.15204784358998,0,679.5220947265625,669.0865173339844,0.1852203967944055,1.9140820666645242,1,low_vol_bull
2025-12-03,16.079999923706055,19.596000099182127,0.2698412698412698,-13.362066883607026,0,681.8751220703125,669.4988977050781,0.3462767968857472,1.3140358743093383,1,low_vol_bull
2025-12-04,15.779999732971191,19.484500074386595,0.22023809523809523,-8.202447686332926,0,682.3736572265625,669.9633264160157,0.07311238379490437,0.6929705651653517,1,low_vol_bull
2025-12-05,15.40999984741211,19.280000066757204,0.1746031746031746,-5.749238606275309,0,683.6697998046875,670.5144970703125,0.1899461628388499,0.3365558686145853,1,low_vol_bull
2025-12-08,16.65999984741211,19.159000062942503,0.4126984126984127,-3.364268743655774,0,681.6159057617188,670.9494116210938,-0.3004219352025661,0.49392105811842946,1,low_vol_bull
2025-12-09,16.93000030517578,19.12550005912781,0.45634920634920634,2.0494282667915087,0,681.027587890625,671.3354699707031,-0.0863122274760153,0.2215517605308026,1,low_vol_bull
2025-12-10,15.770000457763672,19.050000047683717,0.20436507936507936,-1.9278573844105806,0,685.5443115234375,671.7620104980468,0.6632218302348614,0.5381028482142947,1,low_vol_bull
2025-12-11,14.850000381469727,18.91700005531311,0.07539682539682539,-5.893532111780065,0,687.1395263671875,672.1751879882812,0.23269317780567622,0.6984251355768079,1,low_vol_bull
2025-12-12,15.739999771118164,18.70400004386902,0.1984126984126984,2.1414661062535645,0,679.7514038085938,672.4252502441407,-1.0751997629438903,-0.5731415951404029,1,low_vol_bull
2025-12-15,16.5,18.537500047683714,0.35119047619047616,-0.9603832465638562,0,678.7244262695312,672.654970703125,-0.1510813414004608,-0.42420950974673133,1,low_vol_bull
2025-12-16,16.479999542236328,18.242500066757202,0.34523809523809523,-2.6580080025272124,0,676.8699340820312,672.7997436523438,-0.27323197983205594,-0.6104971197233633,1,low_vol_bull
2025-12-17,17.6200008392334,17.88900008201599,0.5555555555555556,11.73113714501486,0,669.4219360351562,672.8452099609375,-1.1003588240296014,-2.3517627113634143,0,normal_bear
2025-12-18,16.8700008392334,17.549500131607054,0.44047619047619047,13.602696335848496,0,674.4769287109375,672.9122106933594,0.7551280296730134,-1.8427986122695361,1,low_vol_bull
2025-12-19,14.90999984741211,16.974000120162962,0.06349206349206349,-5.273188918522398,0,680.5900268554688,673.1403588867188,0.906346515990486,0.12337202132666203,1,low_vol_bull
2025-12-22,14.079999923706055,16.50650010108948,0.003968253968253968,-14.666667129054211,0,684.8300170898438,673.8150378417969,0.6229874178387496,0.89956845282122,1,low_vol_bull
2025-12-23,14.0,16.180500078201295,0.003968253968253968,-15.04854132963036,0,687.9600219726562,674.3525073242188,0.45704843606495515,1.6384370662977377,1,low_vol_bull
2025-12-24,13.470000267028809,15.926000118255615,0.003968253968253968,-23.5527830564232,0,690.3800048828125,674.9545288085938,0.3517621421107009,3.1307711503728797,1,low_vol_bull
2025-12-26,13.600000381469727,15.74650011062622,0.007936507936507936,-19.383522792475848,0,690.3099975585938,675.4965234375,-0.01014040437492536,2.3474589231564202,1,low_vol_bull
2025-12-29,14.199999809265137,15.639000082015992,0.01984126984126984,-4.761905066486005,0,687.8499755859375,676.0796496582032,-0.3563648189011559,1.0667139458407693,1,low_vol_bull
2025-12-30,14.329999923706055,15.493500089645385,0.027777777777777776,1.7755681914392918,0,687.010009765625,676.5711975097656,-0.12211468345215692,0.31832609864927974,1,low_vol_bull
2025-12-31,14.949999809265137,15.411500072479248,0.0873015873015873,6.785712923322396,0,681.9199829101562,676.8231530761718,-0.7408955885817803,-0.8779636707930805,1,low_vol_bull
2026-01-02,14.510000228881836,15.333000087738037,0.03968253968253968,7.720860736719404,0,683.1699829101562,677.1003088378907,0.18330596423725698,-1.044355560946486,1,low_vol_bull
2026-01-05,14.899999618530273,15.289000082015992,0.08333333333333333,9.558817651445239,0,687.719970703125,677.5380578613281,0.6660110816910869,-0.37519764520705934,1,low_vol_bull
2026-01-06,14.75,15.256000089645386,0.05555555555555555,3.873240831848479,0,691.8099975585938,677.9786401367187,0.5947227112347964,0.5757101276747001,1,low_vol_bull
2026-01-07,15.380000114440918,15.192000102996825,0.1746031746031746,7.327286785241727,0,689.5800170898438,678.265146484375,-0.3223400177244651,0.37408586304230607,1,low_vol_bull
2026-01-08,15.449999809265137,15.118000078201295,0.1884920634920635,3.3444816480206807,0,689.510009765625,678.3909240722656,-0.010152168346500012,1.1130377530627067,1,low_vol_bull
2026-01-09,14.489999771118164,15.054000043869019,0.037698412698412696,-0.13783912783034147,0,694.0700073242188,678.5716088867188,0.6613388484590255,1.5955069289828483,1,low_vol_bull
2026-01-12,15.119999885559082,15.067500019073487,0.14285714285714285,1.4765118970553992,0,695.1599731445312,678.7675122070312,0.15703975230316747,1.0818360318662235,1,low_vol_bull
2026-01-13,15.979999542236328,15.079500007629395,0.27976190476190477,8.338979947364944,0,693.77001953125,679.0863708496094,-0.1999473023445053,0.2833179600718605,1,low_vol_bull
2026-01-14,16.75,15.092000007629395,0.45634920634920634,8.9076714913203,0,690.3599853515625,679.2925598144532,-0.49152227448391317,0.11310772388828383,1,low_vol_bull
2026-01-15,15.84000015258789,15.060000038146972,0.2638888888888889,2.524274097976864,0,692.239990234375,679.5108239746094,0.27232240029890775,0.39593050573376587,1,low_vol_bull
2026-01-16,15.859999656677246,14.971999979019165,0.2698412698412698,9.45479577087227,0,691.6599731445312,679.8790112304688,-0.08378844014015341,-0.34723214578579187,1,low_vol_bull
2026-01-20,20.09000015258789,15.13299994468689,0.753968253968254,32.870372385224634,1,677.5800170898438,679.9189367675781,-2.0356759970762806,-2.528907982887052,0,normal_bear
2026-01-21,16.899999618530273,15.232499933242797,0.4801587301587302,5.757197137974357,0,685.4000244140625,680.260234375,1.1541083159159804,-1.2064509681238067,1,low_vol_bull
2026-01-22,15.640000343322754,15.310499954223634,0.21031746031746032,-6.626863621953705,0,688.97998046875,680.659970703125,0.5223163010167564,-0.19989641811434256,1,low_vol_bull
2026-01-23,16.09000015258789,15.414999961853027,0.29365079365079366,1.5782828130791238,0,689.22998046875,680.8559228515625,0.036285524556167736,-0.4348217104021779,1,low_vol_bull
2026-01-26,16.149999618530273,15.548999929428101,0.30158730158730157,1.8284991685414864,0,692.72998046875,681.0907678222657,0.507813081145958,0.15470135120789763,1,low_vol_bull
2026-01-27,16.350000381469727,15.6864999294281,0.32936507936507936,-18.616225697919653,0,695.489990234375,681.3732348632813,0.39842504921721034,2.6432262895610847,1,low_vol_bull
2026-01-28,16.350000381469727,15.79399995803833,0.33134920634920634,-3.2544334288474808,0,695.4199829101562,681.8804345703124,-0.01006589961060067,1.4619139391860436,1,low_vol_bull
2026-01-29,16.8799991607666,15.921499919891357,0.4801587301587302,7.928381011661845,0,694.0399780273438,682.3622265625,-0.19844193677575062,0.7344186626658145,1,low_vol_bull
2026-01-30,17.440000534057617,16.04599995613098,0.5615079365079365,8.39030682826063,0,691.969970703125,682.9274499511719,-0.2982547677011782,0.3975436809222188,1,low_vol_bull
2026-02-02,16.34000015258789,16.137499952316283,0.32142857142857145,1.176473922882404,0,695.4099731445312,683.6729431152344,0.49713175239538554,0.3868740708995677,1,low_vol_bull
2026-02-03,18.0,16.29249997138977,0.6111111111111112,10.091740550662621,0,689.530029296875,684.2499877929688,-0.8455363130712823,-0.8569441719055604,1,normal_bull
2026-02-04,18.639999389648438,16.48699994087219,0.6746031746031746,14.006109814982516,0,686.1900024414062,684.9616369628907,-0.48439179057576665,-1.3272526955761088,1,normal_bull
2026-02-05,21.770000457763672,16.80649995803833,0.8253968253968254,28.969203436707947,1,677.6199951171875,685.3722692871094,-1.24892628772314,-2.3658554881559435,0,normal_bear
2026-02-06,20.3700008392334,17.052500009536743,0.7579365079365079,16.800459950984205,0,690.6199951171875,685.8494738769531,1.9184793975496328,-0.19509164314829297,1,normal_bull
2026-02-09,17.360000610351562,17.196000051498412,0.5396825396825397,6.242352804397777,0,693.9500122070312,686.2678491210937,0.4821779145387506,-0.209942479095937,1,low_vol_bull
2026-02-10,17.790000915527344,17.329500102996825,0.5853174603174603,-1.1666615804036495,0,692.1199951171875,686.5566979980468,-0.26371021797716443,0.37561320178520763,1,low_vol_bull
2026-02-11,17.649999618530273,17.413000106811523,0.5753968253968254,-5.311157744285932,0,691.9600219726562,686.7683666992187,-0.023113498477123073,0.8408778196593802,1,low_vol_bull
2026-02-12,19.940000534057617,17.572500133514403,0.7380952380952381,-8.406062862775165,0,683.889892578125,686.8808483886719,-1.166271047209455,0.9252822387351811,0,normal_bear
